SKU,Product,StandardCost,Color,ListPrice,Model,Subcategory,Category
FR-R92B-58,"HL Road Frame - Black, 58",868.6342,Black,1431.5,HL Road Frame,Road Frames,Components
FR-R92R-58,"HL Road Frame - Red, 58",868.6342,Red,1431.5,HL Road Frame,Road Frames,Components
HL-U509-R,"Sport-100 Helmet, Red",12.0278,Red,33.6442,Sport-100,Helmets,Accessories
HL-U509-R,"Sport-100 Helmet, Red",13.8782,Red,33.6442,Sport-100,Helmets,Accessories
HL-U509-R,"Sport-100 Helmet, Red",13.0863,Red,34.99,Sport-100,Helmets,Accessories
HL-U509,"Sport-100 Helmet, Black",12.0278,Black,33.6442,Sport-100,Helmets,Accessories
HL-U509,"Sport-100 Helmet, Black",13.8782,Black,33.6442,Sport-100,Helmets,Accessories
HL-U509,"Sport-100 Helmet, Black",13.0863,Black,34.99,Sport-100,Helmets,Accessories
SO-B909-M,"Mountain Bike Socks, M",3.3963,White,9.5,Mountain Bike Socks,Socks,Clothing
SO-B909-L,"Mountain Bike Socks, L",3.3963,White,9.5,Mountain Bike Socks,Socks,Clothing
HL-U509-B,"Sport-100 Helmet, Blue",12.0278,Blue,33.6442,Sport-100,Helmets,Accessories
HL-U509-B,"Sport-100 Helmet, Blue",13.8782,Blue,33.6442,Sport-100,Helmets,Accessories
HL-U509-B,"Sport-100 Helmet, Blue",13.0863,Blue,34.99,Sport-100,Helmets,Accessories
CA-1098,AWC Logo Cap,5.7052,Multi,8.6442,Cycling Cap,Caps,Clothing
CA-1098,AWC Logo Cap,5.2297,Multi,8.6442,Cycling Cap,Caps,Clothing
CA-1098,AWC Logo Cap,6.9223,Multi,8.99,Cycling Cap,Caps,Clothing
LJ-0192-S,"Long-Sleeve Logo Jersey, S",31.7244,Multi,48.0673,Long-Sleeve Logo Jersey,Jerseys,Clothing
LJ-0192-S,"Long-Sleeve Logo Jersey, S",29.0807,Multi,48.0673,Long-Sleeve Logo Jersey,Jerseys,Clothing
LJ-0192-S,"Long-Sleeve Logo Jersey, S",38.4923,Multi,49.99,Long-Sleeve Logo Jersey,Jerseys,Clothing
LJ-0192-M,"Long-Sleeve Logo Jersey, M",31.7244,Multi,48.0673,Long-Sleeve Logo Jersey,Jerseys,Clothing
LJ-0192-M,"Long-Sleeve Logo Jersey, M",29.0807,Multi,48.0673,Long-Sleeve Logo Jersey,Jerseys,Clothing
LJ-0192-M,"Long-Sleeve Logo Jersey, M",38.4923,Multi,49.99,Long-Sleeve Logo Jersey,Jerseys,Clothing
LJ-0192-L,"Long-Sleeve Logo Jersey, L",31.7244,Multi,48.0673,Long-Sleeve Logo Jersey,Jerseys,Clothing
LJ-0192-L,"Long-Sleeve Logo Jersey, L",29.0807,Multi,48.0673,Long-Sleeve Logo Jersey,Jerseys,Clothing
LJ-0192-L,"Long-Sleeve Logo Jersey, L",38.4923,Multi,49.99,Long-Sleeve Logo Jersey,Jerseys,Clothing
LJ-0192-X,"Long-Sleeve Logo Jersey, XL",31.7244,Multi,48.0673,Long-Sleeve Logo Jersey,Jerseys,Clothing
LJ-0192-X,"Long-Sleeve Logo Jersey, XL",29.0807,Multi,48.0673,Long-Sleeve Logo Jersey,Jerseys,Clothing
LJ-0192-X,"Long-Sleeve Logo Jersey, XL",38.4923,Multi,49.99,Long-Sleeve Logo Jersey,Jerseys,Clothing
FR-R92R-62,"HL Road Frame - Red, 62",747.9682,Red,1263.4598,HL Road Frame,Road Frames,Components
FR-R92R-62,"HL Road Frame - Red, 62",722.2568,Red,1301.3636,HL Road Frame,Road Frames,Components
FR-R92R-62,"HL Road Frame - Red, 62",868.6342,Red,1431.5,HL Road Frame,Road Frames,Components
FR-R92R-44,"HL Road Frame - Red, 44",747.9682,Red,1263.4598,HL Road Frame,Road Frames,Components
FR-R92R-44,"HL Road Frame - Red, 44",722.2568,Red,1301.3636,HL Road Frame,Road Frames,Components
FR-R92R-44,"HL Road Frame - Red, 44",868.6342,Red,1431.5,HL Road Frame,Road Frames,Components
FR-R92R-48,"HL Road Frame - Red, 48",747.9682,Red,1263.4598,HL Road Frame,Road Frames,Components
FR-R92R-48,"HL Road Frame - Red, 48",722.2568,Red,1301.3636,HL Road Frame,Road Frames,Components
FR-R92R-48,"HL Road Frame - Red, 48",868.6342,Red,1431.5,HL Road Frame,Road Frames,Components
FR-R92R-52,"HL Road Frame - Red, 52",747.9682,Red,1263.4598,HL Road Frame,Road Frames,Components
FR-R92R-52,"HL Road Frame - Red, 52",722.2568,Red,1301.3636,HL Road Frame,Road Frames,Components
FR-R92R-52,"HL Road Frame - Red, 52",868.6342,Red,1431.5,HL Road Frame,Road Frames,Components
FR-R92R-56,"HL Road Frame - Red, 56",747.9682,Red,1263.4598,HL Road Frame,Road Frames,Components
FR-R92R-56,"HL Road Frame - Red, 56",722.2568,Red,1301.3636,HL Road Frame,Road Frames,Components
FR-R92R-56,"HL Road Frame - Red, 56",868.6342,Red,1431.5,HL Road Frame,Road Frames,Components
FR-R38B-58,"LL Road Frame - Black, 58",176.1997,Black,297.6346,LL Road Frame,Road Frames,Components
FR-R38B-58,"LL Road Frame - Black, 58",170.1428,Black,306.5636,LL Road Frame,Road Frames,Components
FR-R38B-58,"LL Road Frame - Black, 58",204.6251,Black,337.22,LL Road Frame,Road Frames,Components
FR-R38B-60,"LL Road Frame - Black, 60",176.1997,Black,297.6346,LL Road Frame,Road Frames,Components
FR-R38B-60,"LL Road Frame - Black, 60",170.1428,Black,306.5636,LL Road Frame,Road Frames,Components
FR-R38B-60,"LL Road Frame - Black, 60",204.6251,Black,337.22,LL Road Frame,Road Frames,Components
FR-R38B-62,"LL Road Frame - Black, 62",176.1997,Black,297.6346,LL Road Frame,Road Frames,Components
FR-R38B-62,"LL Road Frame - Black, 62",170.1428,Black,306.5636,LL Road Frame,Road Frames,Components
FR-R38B-62,"LL Road Frame - Black, 62",204.6251,Black,337.22,LL Road Frame,Road Frames,Components
FR-R38R-44,"LL Road Frame - Red, 44",181.4857,Red,306.5636,LL Road Frame,Road Frames,Components
FR-R38R-44,"LL Road Frame - Red, 44",187.1571,Red,337.22,LL Road Frame,Road Frames,Components
FR-R38R-48,"LL Road Frame - Red, 48",181.4857,Red,306.5636,LL Road Frame,Road Frames,Components
FR-R38R-48,"LL Road Frame - Red, 48",187.1571,Red,337.22,LL Road Frame,Road Frames,Components
FR-R38R-52,"LL Road Frame - Red, 52",181.4857,Red,306.5636,LL Road Frame,Road Frames,Components
FR-R38R-52,"LL Road Frame - Red, 52",187.1571,Red,337.22,LL Road Frame,Road Frames,Components
FR-R38R-58,"LL Road Frame - Red, 58",181.4857,Red,306.5636,LL Road Frame,Road Frames,Components
FR-R38R-58,"LL Road Frame - Red, 58",187.1571,Red,337.22,LL Road Frame,Road Frames,Components
FR-R38R-60,"LL Road Frame - Red, 60",181.4857,Red,306.5636,LL Road Frame,Road Frames,Components
FR-R38R-60,"LL Road Frame - Red, 60",187.1571,Red,337.22,LL Road Frame,Road Frames,Components
FR-R38R-62,"LL Road Frame - Red, 62",181.4857,Red,306.5636,LL Road Frame,Road Frames,Components
FR-R38R-62,"LL Road Frame - Red, 62",187.1571,Red,337.22,LL Road Frame,Road Frames,Components
FR-R72R-44,"ML Road Frame - Red, 44",352.1394,Red,594.83,ML Road Frame,Road Frames,Components
FR-R72R-48,"ML Road Frame - Red, 48",352.1394,Red,594.83,ML Road Frame,Road Frames,Components
FR-R72R-52,"ML Road Frame - Red, 52",352.1394,Red,594.83,ML Road Frame,Road Frames,Components
FR-R72R-58,"ML Road Frame - Red, 58",352.1394,Red,594.83,ML Road Frame,Road Frames,Components
FR-R72R-60,"ML Road Frame - Red, 60",352.1394,Red,594.83,ML Road Frame,Road Frames,Components
FR-R38B-44,"LL Road Frame - Black, 44",176.1997,Black,297.6346,LL Road Frame,Road Frames,Components
FR-R38B-44,"LL Road Frame - Black, 44",170.1428,Black,306.5636,LL Road Frame,Road Frames,Components
FR-R38B-44,"LL Road Frame - Black, 44",204.6251,Black,337.22,LL Road Frame,Road Frames,Components
FR-R38B-48,"LL Road Frame - Black, 48",176.1997,Black,297.6346,LL Road Frame,Road Frames,Components
FR-R38B-48,"LL Road Frame - Black, 48",170.1428,Black,306.5636,LL Road Frame,Road Frames,Components
FR-R38B-48,"LL Road Frame - Black, 48",204.6251,Black,337.22,LL Road Frame,Road Frames,Components
FR-R38B-52,"LL Road Frame - Black, 52",176.1997,Black,297.6346,LL Road Frame,Road Frames,Components
FR-R38B-52,"LL Road Frame - Black, 52",170.1428,Black,306.5636,LL Road Frame,Road Frames,Components
FR-R38B-52,"LL Road Frame - Black, 52",204.6251,Black,337.22,LL Road Frame,Road Frames,Components
FR-M94S-42,"HL Mountain Frame - Silver, 42",623.8403,Silver,1204.3248,HL Mountain Frame,Mountain Frames,Components
FR-M94S-42,"HL Mountain Frame - Silver, 42",660.9142,Silver,1240.4545,HL Mountain Frame,Mountain Frames,Components
FR-M94S-42,"HL Mountain Frame - Silver, 42",747.2002,Silver,1364.5,HL Mountain Frame,Mountain Frames,Components
FR-M94S-44,"HL Mountain Frame - Silver, 44",706.811,Silver,1364.5,HL Mountain Frame,Mountain Frames,Components
FR-M94S-52,"HL Mountain Frame - Silver, 48",706.811,Silver,1364.5,HL Mountain Frame,Mountain Frames,Components
FR-M94S-46,"HL Mountain Frame - Silver, 46",623.8403,Silver,1204.3248,HL Mountain Frame,Mountain Frames,Components
FR-M94S-46,"HL Mountain Frame - Silver, 46",660.9142,Silver,1240.4545,HL Mountain Frame,Mountain Frames,Components
FR-M94S-46,"HL Mountain Frame - Silver, 46",747.2002,Silver,1364.5,HL Mountain Frame,Mountain Frames,Components
FR-M94B-42,"HL Mountain Frame - Black, 42",617.0281,Black,1191.1739,HL Mountain Frame,Mountain Frames,Components
FR-M94B-42,"HL Mountain Frame - Black, 42",653.6971,Black,1226.9091,HL Mountain Frame,Mountain Frames,Components
FR-M94B-42,"HL Mountain Frame - Black, 42",739.041,Black,1349.6,HL Mountain Frame,Mountain Frames,Components
FR-M94B-44,"HL Mountain Frame - Black, 44",699.0928,Black,1349.6,HL Mountain Frame,Mountain Frames,Components
FR-M94B-48,"HL Mountain Frame - Black, 48",699.0928,Black,1349.6,HL Mountain Frame,Mountain Frames,Components
FR-M94B-46,"HL Mountain Frame - Black, 46",617.0281,Black,1191.1739,HL Mountain Frame,Mountain Frames,Components
FR-M94B-46,"HL Mountain Frame - Black, 46",653.6971,Black,1226.9091,HL Mountain Frame,Mountain Frames,Components
FR-M94B-46,"HL Mountain Frame - Black, 46",739.041,Black,1349.6,HL Mountain Frame,Mountain Frames,Components
FR-M94B-38,"HL Mountain Frame - Black, 38",617.0281,Black,1191.1739,HL Mountain Frame,Mountain Frames,Components
FR-M94B-38,"HL Mountain Frame - Black, 38",653.6971,Black,1226.9091,HL Mountain Frame,Mountain Frames,Components
FR-M94B-38,"HL Mountain Frame - Black, 38",739.041,Black,1349.6,HL Mountain Frame,Mountain Frames,Components
FR-M94S-38,"HL Mountain Frame - Silver, 38",623.8403,Silver,1204.3248,HL Mountain Frame,Mountain Frames,Components
FR-M94S-38,"HL Mountain Frame - Silver, 38",660.9142,Silver,1240.4545,HL Mountain Frame,Mountain Frames,Components
FR-M94S-38,"HL Mountain Frame - Silver, 38",747.2002,Silver,1364.5,HL Mountain Frame,Mountain Frames,Components
BK-R93R-62,"Road-150 Red, 62",2171.2942,Red,3578.27,Road-150,Road Bikes,Bikes
BK-R93R-44,"Road-150 Red, 44",2171.2942,Red,3578.27,Road-150,Road Bikes,Bikes
BK-R93R-48,"Road-150 Red, 48",2171.2942,Red,3578.27,Road-150,Road Bikes,Bikes
BK-R93R-52,"Road-150 Red, 52",2171.2942,Red,3578.27,Road-150,Road Bikes,Bikes
BK-R93R-56,"Road-150 Red, 56",2171.2942,Red,3578.27,Road-150,Road Bikes,Bikes
BK-R68R-58,"Road-450 Red, 58",884.7083,Red,1457.99,Road-450,Road Bikes,Bikes
BK-R68R-60,"Road-450 Red, 60",884.7083,Red,1457.99,Road-450,Road Bikes,Bikes
BK-R68R-44,"Road-450 Red, 44",884.7083,Red,1457.99,Road-450,Road Bikes,Bikes
BK-R68R-48,"Road-450 Red, 48",884.7083,Red,1457.99,Road-450,Road Bikes,Bikes
BK-R68R-52,"Road-450 Red, 52",884.7083,Red,1457.99,Road-450,Road Bikes,Bikes
BK-R50R-58,"Road-650 Red, 58",413.1463,Red,699.0982,Road-650,Road Bikes,Bikes
BK-R50R-58,"Road-650 Red, 58",486.7066,Red,782.99,Road-650,Road Bikes,Bikes
BK-R50R-60,"Road-650 Red, 60",413.1463,Red,699.0982,Road-650,Road Bikes,Bikes
BK-R50R-60,"Road-650 Red, 60",486.7066,Red,782.99,Road-650,Road Bikes,Bikes
BK-R50R-62,"Road-650 Red, 62",413.1463,Red,699.0982,Road-650,Road Bikes,Bikes
BK-R50R-62,"Road-650 Red, 62",486.7066,Red,782.99,Road-650,Road Bikes,Bikes
BK-R50R-44,"Road-650 Red, 44",413.1463,Red,699.0982,Road-650,Road Bikes,Bikes
BK-R50R-44,"Road-650 Red, 44",486.7066,Red,782.99,Road-650,Road Bikes,Bikes
BK-R50R-48,"Road-650 Red, 48",413.1463,Red,699.0982,Road-650,Road Bikes,Bikes
BK-R50R-48,"Road-650 Red, 48",486.7066,Red,782.99,Road-650,Road Bikes,Bikes
BK-R50R-52,"Road-650 Red, 52",413.1463,Red,699.0982,Road-650,Road Bikes,Bikes
BK-R50R-52,"Road-650 Red, 52",486.7066,Red,782.99,Road-650,Road Bikes,Bikes
BK-R50B-58,"Road-650 Black, 58",413.1463,Black,699.0982,Road-650,Road Bikes,Bikes
BK-R50B-58,"Road-650 Black, 58",486.7066,Black,782.99,Road-650,Road Bikes,Bikes
BK-R50B-60,"Road-650 Black, 60",413.1463,Black,699.0982,Road-650,Road Bikes,Bikes
BK-R50B-60,"Road-650 Black, 60",486.7066,Black,782.99,Road-650,Road Bikes,Bikes
BK-R50B-62,"Road-650 Black, 62",413.1463,Black,699.0982,Road-650,Road Bikes,Bikes
BK-R50B-62,"Road-650 Black, 62",486.7066,Black,782.99,Road-650,Road Bikes,Bikes
BK-R50B-44,"Road-650 Black, 44",413.1463,Black,699.0982,Road-650,Road Bikes,Bikes
BK-R50B-44,"Road-650 Black, 44",486.7066,Black,782.99,Road-650,Road Bikes,Bikes
BK-R50B-48,"Road-650 Black, 48",413.1463,Black,699.0982,Road-650,Road Bikes,Bikes
BK-R50B-48,"Road-650 Black, 48",486.7066,Black,782.99,Road-650,Road Bikes,Bikes
BK-R50B-52,"Road-650 Black, 52",413.1463,Black,699.0982,Road-650,Road Bikes,Bikes
BK-R50B-52,"Road-650 Black, 52",486.7066,Black,782.99,Road-650,Road Bikes,Bikes
BK-M82S-38,"Mountain-100 Silver, 38",1912.1544,Silver,3399.99,Mountain-100,Mountain Bikes,Bikes
BK-M82S-42,"Mountain-100 Silver, 42",1912.1544,Silver,3399.99,Mountain-100,Mountain Bikes,Bikes
BK-M82S-44,"Mountain-100 Silver, 44",1912.1544,Silver,3399.99,Mountain-100,Mountain Bikes,Bikes
BK-M82S-48,"Mountain-100 Silver, 48",1912.1544,Silver,3399.99,Mountain-100,Mountain Bikes,Bikes
BK-M82B-38,"Mountain-100 Black, 38",1898.0944,Black,3374.99,Mountain-100,Mountain Bikes,Bikes
BK-M82B-42,"Mountain-100 Black, 42",1898.0944,Black,3374.99,Mountain-100,Mountain Bikes,Bikes
BK-M82B-44,"Mountain-100 Black, 44",1898.0944,Black,3374.99,Mountain-100,Mountain Bikes,Bikes
BK-M82B-48,"Mountain-100 Black, 48",1898.0944,Black,3374.99,Mountain-100,Mountain Bikes,Bikes
BK-M68S-38,"Mountain-200 Silver, 38",1117.8559,Silver,2071.4196,Mountain-200,Mountain Bikes,Bikes
BK-M68S-38,"Mountain-200 Silver, 38",1265.6195,Silver,2319.99,Mountain-200,Mountain Bikes,Bikes
BK-M68S-42,"Mountain-200 Silver, 42",1117.8559,Silver,2071.4196,Mountain-200,Mountain Bikes,Bikes
BK-M68S-42,"Mountain-200 Silver, 42",1265.6195,Silver,2319.99,Mountain-200,Mountain Bikes,Bikes
BK-M68S-46,"Mountain-200 Silver, 46",1117.8559,Silver,2071.4196,Mountain-200,Mountain Bikes,Bikes
BK-M68S-46,"Mountain-200 Silver, 46",1265.6195,Silver,2319.99,Mountain-200,Mountain Bikes,Bikes
BK-M68B-38,"Mountain-200 Black, 38",1105.81,Black,2049.0982,Mountain-200,Mountain Bikes,Bikes
BK-M68B-38,"Mountain-200 Black, 38",1251.9813,Black,2294.99,Mountain-200,Mountain Bikes,Bikes
BK-M68B-42,"Mountain-200 Black, 42",1105.81,Black,2049.0982,Mountain-200,Mountain Bikes,Bikes
BK-M68B-42,"Mountain-200 Black, 42",1251.9813,Black,2294.99,Mountain-200,Mountain Bikes,Bikes
BK-M68B-46,"Mountain-200 Black, 46",1105.81,Black,2049.0982,Mountain-200,Mountain Bikes,Bikes
BK-M68B-46,"Mountain-200 Black, 46",1251.9813,Black,2294.99,Mountain-200,Mountain Bikes,Bikes
BK-M47B-38,"Mountain-300 Black, 38",598.4354,Black,1079.99,Mountain-300,Mountain Bikes,Bikes
BK-M47B-40,"Mountain-300 Black, 40",598.4354,Black,1079.99,Mountain-300,Mountain Bikes,Bikes
BK-M47B-44,"Mountain-300 Black, 44",598.4354,Black,1079.99,Mountain-300,Mountain Bikes,Bikes
BK-M47B-48,"Mountain-300 Black, 48",598.4354,Black,1079.99,Mountain-300,Mountain Bikes,Bikes
BK-R89R-44,"Road-250 Red, 44",1518.7864,Red,2443.35,Road-250,Road Bikes,Bikes
BK-R89R-48,"Road-250 Red, 48",1518.7864,Red,2443.35,Road-250,Road Bikes,Bikes
BK-R89R-52,"Road-250 Red, 52",1518.7864,Red,2443.35,Road-250,Road Bikes,Bikes
BK-R89R-58,"Road-250 Red, 58",1320.6838,Red,2181.5625,Road-250,Road Bikes,Bikes
BK-R89R-58,"Road-250 Red, 58",1554.9479,Red,2443.35,Road-250,Road Bikes,Bikes
BK-R89B-44,"Road-250 Black, 44",1320.6838,Black,2181.5625,Road-250,Road Bikes,Bikes
BK-R89B-44,"Road-250 Black, 44",1554.9479,Black,2443.35,Road-250,Road Bikes,Bikes
BK-R89B-48,"Road-250 Black, 48",1320.6838,Black,2181.5625,Road-250,Road Bikes,Bikes
BK-R89B-48,"Road-250 Black, 48",1554.9479,Black,2443.35,Road-250,Road Bikes,Bikes
BK-R89B-52,"Road-250 Black, 52",1320.6838,Black,2181.5625,Road-250,Road Bikes,Bikes
BK-R89B-52,"Road-250 Black, 52",1554.9479,Black,2443.35,Road-250,Road Bikes,Bikes
BK-R89B-58,"Road-250 Black, 58",1320.6838,Black,2181.5625,Road-250,Road Bikes,Bikes
BK-R89B-58,"Road-250 Black, 58",1554.9479,Black,2443.35,Road-250,Road Bikes,Bikes
BK-R64Y-38,"Road-550-W Yellow, 38",605.6492,Yellow,1000.4375,Road-550-W,Road Bikes,Bikes
BK-R64Y-38,"Road-550-W Yellow, 38",713.0798,Yellow,1120.49,Road-550-W,Road Bikes,Bikes
BK-R64Y-40,"Road-550-W Yellow, 40",605.6492,Yellow,1000.4375,Road-550-W,Road Bikes,Bikes
BK-R64Y-40,"Road-550-W Yellow, 40",713.0798,Yellow,1120.49,Road-550-W,Road Bikes,Bikes
BK-R64Y-42,"Road-550-W Yellow, 42",605.6492,Yellow,1000.4375,Road-550-W,Road Bikes,Bikes
BK-R64Y-42,"Road-550-W Yellow, 42",713.0798,Yellow,1120.49,Road-550-W,Road Bikes,Bikes
BK-R64Y-44,"Road-550-W Yellow, 44",605.6492,Yellow,1000.4375,Road-550-W,Road Bikes,Bikes
BK-R64Y-44,"Road-550-W Yellow, 44",713.0798,Yellow,1120.49,Road-550-W,Road Bikes,Bikes
BK-R64Y-48,"Road-550-W Yellow, 48",605.6492,Yellow,1000.4375,Road-550-W,Road Bikes,Bikes
BK-R64Y-48,"Road-550-W Yellow, 48",713.0798,Yellow,1120.49,Road-550-W,Road Bikes,Bikes
FK-1639,LL Fork,65.8097,,148.22,LL Fork,Forks,Components
FK-5136,ML Fork,77.9176,,175.49,ML Fork,Forks,Components
FK-9939,HL Fork,101.8936,,229.49,HL Fork,Forks,Components
HS-0296,LL Headset,15.1848,,34.2,LL Headset,Headsets,Components
HS-2451,ML Headset,45.4168,,102.29,ML Headset,Headsets,Components
HS-3479,HL Headset,55.3801,,124.73,HL Headset,Headsets,Components
HB-M243,LL Mountain Handlebars,17.978,,40.4909,LL Mountain Handlebars,Handlebars,Components
HB-M243,LL Mountain Handlebars,19.7758,,44.54,LL Mountain Handlebars,Handlebars,Components
HB-M763,ML Mountain Handlebars,24.9932,,56.2909,ML Mountain Handlebars,Handlebars,Components
HB-M763,ML Mountain Handlebars,27.4925,,61.92,ML Mountain Handlebars,Handlebars,Components
HB-M918,HL Mountain Handlebars,48.5453,,109.3364,HL Mountain Handlebars,Handlebars,Components
HB-M918,HL Mountain Handlebars,53.3999,,120.27,HL Mountain Handlebars,Handlebars,Components
HB-R504,LL Road Handlebars,17.978,,40.4909,LL Road Handlebars,Handlebars,Components
HB-R504,LL Road Handlebars,19.7758,,44.54,LL Road Handlebars,Handlebars,Components
HB-R720,ML Road Handlebars,24.9932,,56.2909,ML Road Handlebars,Handlebars,Components
HB-R720,ML Road Handlebars,27.4925,,61.92,ML Road Handlebars,Handlebars,Components
HB-R956,HL Road Handlebars,48.5453,,109.3364,HL Road Handlebars,Handlebars,Components
HB-R956,HL Road Handlebars,53.3999,,120.27,HL Road Handlebars,Handlebars,Components
FR-M63B-38,"ML Mountain Frame - Black, 38",185.8193,Black,348.76,ML Mountain Frame-W,Mountain Frames,Components
FW-M423,LL Mountain Front Wheel,26.9708,Black,60.745,LL Mountain Front Wheel,Wheels,Components
FW-M762,ML Mountain Front Wheel,92.8071,Black,209.025,ML Mountain Front Wheel,Wheels,Components
FW-M928,HL Mountain Front Wheel,133.2955,Black,300.215,HL Mountain Front Wheel,Wheels,Components
FW-R623,LL Road Front Wheel,37.9909,Black,85.565,LL Road Front Wheel,Wheels,Components
FW-R762,ML Road Front Wheel,110.2829,Black,248.385,ML Road Front Wheel,Wheels,Components
FW-R820,HL Road Front Wheel,146.5466,Black,330.06,HL Road Front Wheel,Wheels,Components
FW-T905,Touring Front Wheel,96.7964,Black,218.01,Touring Front Wheel,Wheels,Components
FR-R72Y-38,"ML Road Frame-W - Yellow, 38",300.1188,Yellow,540.7545,ML Road Frame-W,Road Frames,Components
FR-R72Y-38,"ML Road Frame-W - Yellow, 38",360.9428,Yellow,594.83,ML Road Frame-W,Road Frames,Components
RW-M423,LL Mountain Rear Wheel,38.9588,Black,87.745,LL Mountain Rear Wheel,Wheels,Components
RW-M762,ML Mountain Rear Wheel,104.7951,Black,236.025,ML Mountain Rear Wheel,Wheels,Components
RW-M928,HL Mountain Rear Wheel,145.2835,Black,327.215,HL Mountain Rear Wheel,Wheels,Components
RW-R623,LL Road Rear Wheel,49.9789,Black,112.565,LL Road Rear Wheel,Wheels,Components
RW-R762,ML Road Rear Wheel,122.2709,Black,275.385,ML Road Rear Wheel,Wheels,Components
RW-R820,HL Road Rear Wheel,158.5346,Black,357.06,HL Road Rear Wheel,Wheels,Components
RW-T905,Touring Rear Wheel,108.7844,Black,245.01,Touring Rear Wheel,Wheels,Components
FR-M63B-40,"ML Mountain Frame - Black, 40",185.8193,Black,348.76,ML Mountain Frame,Mountain Frames,Components
FR-M63B-44,"ML Mountain Frame - Black, 44",185.8193,Black,348.76,ML Mountain Frame,Mountain Frames,Components
FR-M63B-48,"ML Mountain Frame - Black, 48",185.8193,Black,348.76,ML Mountain Frame,Mountain Frames,Components
FR-R72Y-40,"ML Road Frame-W - Yellow, 40",300.1188,Yellow,540.7545,ML Road Frame-W,Road Frames,Components
FR-R72Y-40,"ML Road Frame-W - Yellow, 40",360.9428,Yellow,594.83,ML Road Frame-W,Road Frames,Components
FR-R72Y-42,"ML Road Frame-W - Yellow, 42",300.1188,Yellow,540.7545,ML Road Frame-W,Road Frames,Components
FR-R72Y-42,"ML Road Frame-W - Yellow, 42",360.9428,Yellow,594.83,ML Road Frame-W,Road Frames,Components
FR-R72Y-44,"ML Road Frame-W - Yellow, 44",300.1188,Yellow,540.7545,ML Road Frame-W,Road Frames,Components
FR-R72Y-44,"ML Road Frame-W - Yellow, 44",360.9428,Yellow,594.83,ML Road Frame-W,Road Frames,Components
FR-R72Y-48,"ML Road Frame-W - Yellow, 48",300.1188,Yellow,540.7545,ML Road Frame-W,Road Frames,Components
FR-R72Y-48,"ML Road Frame-W - Yellow, 48",360.9428,Yellow,594.83,ML Road Frame-W,Road Frames,Components
FR-R92B-62,"HL Road Frame - Black, 62",722.2568,Black,1301.3636,HL Road Frame,Road Frames,Components
FR-R92B-62,"HL Road Frame - Black, 62",868.6342,Black,1431.5,HL Road Frame,Road Frames,Components
FR-R92B-44,"HL Road Frame - Black, 44",722.2568,Black,1301.3636,HL Road Frame,Road Frames,Components
FR-R92B-44,"HL Road Frame - Black, 44",868.6342,Black,1431.5,HL Road Frame,Road Frames,Components
FR-R92B-48,"HL Road Frame - Black, 48",722.2568,Black,1301.3636,HL Road Frame,Road Frames,Components
FR-R92B-48,"HL Road Frame - Black, 48",868.6342,Black,1431.5,HL Road Frame,Road Frames,Components
FR-R92B-52,"HL Road Frame - Black, 52",722.2568,Black,1301.3636,HL Road Frame,Road Frames,Components
FR-R92B-52,"HL Road Frame - Black, 52",868.6342,Black,1431.5,HL Road Frame,Road Frames,Components
SH-M897-S,"Men's Sports Shorts, S",24.7459,Black,59.99,Men's Sports Shorts,Shorts,Clothing
PA-T100,"Touring-Panniers, Large",51.5625,Grey,125.0,Touring-Panniers,Panniers,Accessories
LO-C100,Cable Lock,10.3125,,25.0,Cable Lock,Locks,Accessories
PU-0452,Minipump,8.2459,,19.99,Minipump,Pumps,Accessories
PU-M044,Mountain Pump,10.3084,,24.99,Mountain Pump,Pumps,Accessories
LT-T990,Taillights - Battery-Powered,5.7709,,13.99,Taillight,Lights,Accessories
LT-H902,Headlights - Dual-Beam,14.4334,,34.99,Headlights - Dual-Beam,Lights,Accessories
LT-H903,Headlights - Weatherproof,18.5584,,44.99,Headlights - Weatherproof,Lights,Accessories
SH-M897-M,"Men's Sports Shorts, M",24.7459,Black,59.99,Men's Sports Shorts,Shorts,Clothing
SH-M897-L,"Men's Sports Shorts, L",24.7459,Black,59.99,Men's Sports Shorts,Shorts,Clothing
SH-M897-X,"Men's Sports Shorts, XL",24.7459,Black,59.99,Men's Sports Shorts,Shorts,Clothing
TG-W091-S,"Women's Tights, S",30.9334,Black,74.99,Women's Tights,Tights,Clothing
TG-W091-M,"Women's Tights, M",30.9334,Black,74.99,Women's Tights,Tights,Clothing
TG-W091-L,"Women's Tights, L",30.9334,Black,74.99,Women's Tights,Tights,Clothing
SB-M891-S,"Men's Bib-Shorts, S",37.1209,Multi,89.99,Men's Bib-Shorts,Bib-Shorts,Clothing
SB-M891-M,"Men's Bib-Shorts, M",37.1209,Multi,89.99,Men's Bib-Shorts,Bib-Shorts,Clothing
SB-M891-L,"Men's Bib-Shorts, L",37.1209,Multi,89.99,Men's Bib-Shorts,Bib-Shorts,Clothing
GL-H102-S,"Half-Finger Gloves, S",9.7136,Black,23.5481,Half-Finger Gloves,Gloves,Clothing
GL-H102-S,"Half-Finger Gloves, S",9.1593,Black,24.49,Half-Finger Gloves,Gloves,Clothing
GL-H102-M,"Half-Finger Gloves, M",9.7136,Black,23.5481,Half-Finger Gloves,Gloves,Clothing
GL-H102-M,"Half-Finger Gloves, M",9.1593,Black,24.49,Half-Finger Gloves,Gloves,Clothing
GL-H102-L,"Half-Finger Gloves, L",9.7136,Black,23.5481,Half-Finger Gloves,Gloves,Clothing
GL-H102-L,"Half-Finger Gloves, L",9.1593,Black,24.49,Half-Finger Gloves,Gloves,Clothing
GL-F110-S,"Full-Finger Gloves, S",15.6709,Black,37.99,Full-Finger Gloves,Gloves,Clothing
GL-F110-M,"Full-Finger Gloves, M",15.6709,Black,37.99,Full-Finger Gloves,Gloves,Clothing
GL-F110-L,"Full-Finger Gloves, L",15.6709,Black,37.99,Full-Finger Gloves,Gloves,Clothing
VE-C304-S,"Classic Vest, S",23.749,Blue,63.5,Classic Vest,Vests,Clothing
VE-C304-M,"Classic Vest, M",23.749,Blue,63.5,Classic Vest,Vests,Clothing
VE-C304-L,"Classic Vest, L",23.749,Blue,63.5,Classic Vest,Vests,Clothing
SH-W890-S,"Women's Mountain Shorts, S",26.1763,Black,69.99,Women's Mountain Shorts,Shorts,Clothing
SH-W890-M,"Women's Mountain Shorts, M",26.1763,Black,69.99,Women's Mountain Shorts,Shorts,Clothing
SH-W890-L,"Women's Mountain Shorts, L",26.1763,Black,69.99,Women's Mountain Shorts,Shorts,Clothing
WB-H098,Water Bottle - 30 oz.,1.8663,,4.99,Water Bottle,Bottles and Cages,Accessories
BC-M005,Mountain Bottle Cage,3.7363,,9.99,Mountain Bottle Cage,Bottles and Cages,Accessories
BC-R205,Road Bottle Cage,3.3623,,8.99,Road Bottle Cage,Bottles and Cages,Accessories
PK-7098,Patch Kit/8 Patches,0.8565,,2.29,Patch kit,Tires and Tubes,Accessories
SO-R809-M,"Racing Socks, M",3.3623,White,8.99,Racing Socks,Socks,Clothing
SO-R809-L,"Racing Socks, L",3.3623,White,8.99,Racing Socks,Socks,Clothing
RA-H123,Hitch Rack - 4-Bike,44.88,,120.0,Hitch Rack - 4-Bike,Bike Racks,Accessories
CL-9009,Bike Wash - Dissolver,2.9733,,7.95,Bike Wash,Cleaners,Accessories
FE-6654,Fender Set - Mountain,8.2205,,21.98,Fender Set - Mountain,Fenders,Accessories
ST-1401,All-Purpose Bike Stand,59.466,,159.0,All-Purpose Bike Stand,Bike Stands,Accessories
HY-1023-70,Hydration Pack - 70 oz.,20.5663,Silver,54.99,Hydration Pack,Hydration Packs,Accessories
SJ-0194-S,"Short-Sleeve Classic Jersey, S",41.5723,Yellow,53.99,Short-Sleeve Classic Jersey,Jerseys,Clothing
SJ-0194-M,"Short-Sleeve Classic Jersey, M",41.5723,Yellow,53.99,Short-Sleeve Classic Jersey,Jerseys,Clothing
SJ-0194-L,"Short-Sleeve Classic Jersey, L",41.5723,Yellow,53.99,Short-Sleeve Classic Jersey,Jerseys,Clothing
SJ-0194-X,"Short-Sleeve Classic Jersey, XL",41.5723,Yellow,53.99,Short-Sleeve Classic Jersey,Jerseys,Clothing
FR-T98Y-60,"HL Touring Frame - Yellow, 60",601.7437,Yellow,1003.91,HL Touring Frame,Touring Frames,Components
FR-T67Y-62,"LL Touring Frame - Yellow, 62",199.8519,Yellow,333.42,LL Touring Frame,Touring Frames,Components
FR-T98Y-46,"HL Touring Frame - Yellow, 46",601.7437,Yellow,1003.91,HL Touring Frame,Touring Frames,Components
FR-T98Y-50,"HL Touring Frame - Yellow, 50",601.7437,Yellow,1003.91,HL Touring Frame,Touring Frames,Components
FR-T98Y-54,"HL Touring Frame - Yellow, 54",601.7437,Yellow,1003.91,HL Touring Frame,Touring Frames,Components
FR-T98U-46,"HL Touring Frame - Blue, 46",601.7437,Blue,1003.91,HL Touring Frame,Touring Frames,Components
FR-T98U-50,"HL Touring Frame - Blue, 50",601.7437,Blue,1003.91,HL Touring Frame,Touring Frames,Components
FR-T98U-54,"HL Touring Frame - Blue, 54",601.7437,Blue,1003.91,HL Touring Frame,Touring Frames,Components
FR-T98U-60,"HL Touring Frame - Blue, 60",601.7437,Blue,1003.91,HL Touring Frame,Touring Frames,Components
RD-2308,Rear Derailleur,53.9282,Silver,121.46,Rear Derailleur,Derailleurs,Components
FR-T67U-50,"LL Touring Frame - Blue, 50",199.8519,Blue,333.42,LL Touring Frame,Touring Frames,Components
FR-T67U-54,"LL Touring Frame - Blue, 54",199.8519,Blue,333.42,LL Touring Frame,Touring Frames,Components
FR-T67U-58,"LL Touring Frame - Blue, 58",199.8519,Blue,333.42,LL Touring Frame,Touring Frames,Components
FR-T67U-62,"LL Touring Frame - Blue, 62",199.8519,Blue,333.42,LL Touring Frame,Touring Frames,Components
FR-T67Y-44,"LL Touring Frame - Yellow, 44",199.8519,Yellow,333.42,LL Touring Frame,Touring Frames,Components
FR-T67Y-50,"LL Touring Frame - Yellow, 50",199.8519,Yellow,333.42,LL Touring Frame,Touring Frames,Components
FR-T67Y-54,"LL Touring Frame - Yellow, 54",199.8519,Yellow,333.42,LL Touring Frame,Touring Frames,Components
FR-T67Y-58,"LL Touring Frame - Yellow, 58",199.8519,Yellow,333.42,LL Touring Frame,Touring Frames,Components
FR-T67U-44,"LL Touring Frame - Blue, 44",199.8519,Blue,333.42,LL Touring Frame,Touring Frames,Components
FR-M63S-40,"ML Mountain Frame-W - Silver, 40",199.3757,Silver,364.09,ML Mountain Frame-W,Mountain Frames,Components
FR-M63S-42,"ML Mountain Frame-W - Silver, 42",199.3757,Silver,364.09,ML Mountain Frame-W,Mountain Frames,Components
FR-M63S-46,"ML Mountain Frame-W - Silver, 46",199.3757,Silver,364.09,ML Mountain Frame-W,Mountain Frames,Components
RB-9231,Rear Brakes,47.286,Silver,106.5,Rear Brakes,Brakes,Components
SE-M236,LL Mountain Seat/Saddle,12.0413,,27.12,LL Mountain Seat/Saddle 2,Saddles,Components
SE-M798,ML Mountain Seat/Saddle,17.3782,,39.14,ML Mountain Seat/Saddle 2,Saddles,Components
SE-M940,HL Mountain Seat/Saddle,23.3722,,52.64,HL Mountain Seat/Saddle 2,Saddles,Components
SE-R581,LL Road Seat/Saddle,12.0413,,27.12,LL Road Seat/Saddle 1,Saddles,Components
SE-R908,ML Road Seat/Saddle,17.3782,,39.14,ML Road Seat/Saddle 2,Saddles,Components
SE-R995,HL Road Seat/Saddle,23.3722,,52.64,HL Road Seat/Saddle 2,Saddles,Components
SE-T312,LL Touring Seat/Saddle,12.0413,,27.12,LL Touring Seat/Saddle,Saddles,Components
SE-T762,ML Touring Seat/Saddle,17.3782,,39.14,ML Touring Seat/Saddle,Saddles,Components
SE-T924,HL Touring Seat/Saddle,23.3722,,52.64,HL Touring Seat/Saddle,Saddles,Components
FR-M21S-42,"LL Mountain Frame - Silver, 42",144.5938,Silver,264.05,LL Mountain Frame,Mountain Frames,Components
FR-M21S-44,"LL Mountain Frame - Silver, 44",144.5938,Silver,264.05,LL Mountain Frame,Mountain Frames,Components
FR-M21S-48,"LL Mountain Frame - Silver, 48",144.5938,Silver,264.05,LL Mountain Frame,Mountain Frames,Components
FR-M21S-52,"LL Mountain Frame - Silver, 52",144.5938,Silver,264.05,LL Mountain Frame,Mountain Frames,Components
TT-M928,Mountain Tire Tube,1.8663,,4.99,Mountain Tire Tube,Tires and Tubes,Accessories
TT-R982,Road Tire Tube,1.4923,,3.99,Road Tire Tube,Tires and Tubes,Accessories
TT-T092,Touring Tire Tube,1.8663,,4.99,Touring Tire Tube,Tires and Tubes,Accessories
FR-M21B-42,"LL Mountain Frame - Black, 42",136.785,Black,249.79,LL Mountain Frame,Mountain Frames,Components
FR-M21B-44,"LL Mountain Frame - Black, 44",136.785,Black,249.79,LL Mountain Frame,Mountain Frames,Components
FR-M21B-48,"LL Mountain Frame - Black, 48",136.785,Black,249.79,LL Mountain Frame,Mountain Frames,Components
FR-M21B-52,"LL Mountain Frame - Black, 52",136.785,Black,249.79,LL Mountain Frame,Mountain Frames,Components
TI-M267,LL Mountain Tire,9.3463,,24.99,LL Mountain Tire,Tires and Tubes,Accessories
TI-M602,ML Mountain Tire,11.2163,,29.99,ML Mountain Tire,Tires and Tubes,Accessories
TI-M823,HL Mountain Tire,13.09,,35.0,HL Mountain Tire,Tires and Tubes,Accessories
TI-R092,LL Road Tire,8.0373,,21.49,LL Road Tire,Tires and Tubes,Accessories
TI-R628,ML Road Tire,9.3463,,24.99,ML Road Tire,Tires and Tubes,Accessories
TI-R982,HL Road Tire,12.1924,,32.6,HL Road Tire,Tires and Tubes,Accessories
TI-T723,Touring Tire,10.8423,,28.99,Touring Tire,Tires and Tubes,Accessories
PD-M282,LL Mountain Pedal,17.9776,Silver/Black,40.49,LL Mountain Pedal,Pedals,Components
PD-M340,ML Mountain Pedal,27.568,Silver/Black,62.09,ML Mountain Pedal,Pedals,Components
PD-M562,HL Mountain Pedal,35.9596,Silver/Black,80.99,HL Mountain Pedal,Pedals,Components
PD-R347,LL Road Pedal,17.9776,Silver/Black,40.49,LL Road Pedal,Pedals,Components
PD-R563,ML Road Pedal,27.568,Silver/Black,62.09,ML Road Pedal,Pedals,Components
PD-R853,HL Road Pedal,35.9596,Silver/Black,80.99,HL Road Pedal,Pedals,Components
PD-T852,Touring Pedal,35.9596,Silver/Black,80.99,Touring Pedal,Pedals,Components
FR-M63S-38,"ML Mountain Frame-W - Silver, 38",199.3757,Silver,364.09,ML Mountain Frame-W,Mountain Frames,Components
FR-M21B-40,"LL Mountain Frame - Black, 40",136.785,Black,249.79,LL Mountain Frame,Mountain Frames,Components
FR-M21S-40,"LL Mountain Frame - Silver, 40",144.5938,Silver,264.05,LL Mountain Frame,Mountain Frames,Components
FD-2342,Front Derailleur,40.6216,Silver,91.49,Front Derailleur,Derailleurs,Components
HB-T721,LL Touring Handlebars,20.464,,46.09,LL Touring Handlebars,Handlebars,Components
HB-T928,HL Touring Handlebars,40.6571,,91.57,HL Touring Handlebars,Handlebars,Components
FB-9873,Front Brakes,47.286,Silver,106.5,Front Brakes,Brakes,Components
CS-4759,LL Crankset,77.9176,Black,175.49,LL Crankset,Cranksets,Components
CS-6583,ML Crankset,113.8816,Black,256.49,ML Crankset,Cranksets,Components
CS-9183,HL Crankset,179.8156,Black,404.99,HL Crankset,Cranksets,Components
CH-0234,Chain,8.9866,Silver,20.24,Chain,Chains,Components
BK-T44U-60,"Touring-2000 Blue, 60",755.1508,Blue,1214.85,Touring-2000,Touring Bikes,Bikes
BK-T79Y-46,"Touring-1000 Yellow, 46",1481.9379,Yellow,2384.07,Touring-1000,Touring Bikes,Bikes
BK-T79Y-50,"Touring-1000 Yellow, 50",1481.9379,Yellow,2384.07,Touring-1000,Touring Bikes,Bikes
BK-T79Y-54,"Touring-1000 Yellow, 54",1481.9379,Yellow,2384.07,Touring-1000,Touring Bikes,Bikes
BK-T79Y-60,"Touring-1000 Yellow, 60",1481.9379,Yellow,2384.07,Touring-1000,Touring Bikes,Bikes
BK-T18U-54,"Touring-3000 Blue, 54",461.4448,Blue,742.35,Touring-3000,Touring Bikes,Bikes
BK-T18U-58,"Touring-3000 Blue, 58",461.4448,Blue,742.35,Touring-3000,Touring Bikes,Bikes
BK-T18U-62,"Touring-3000 Blue, 62",461.4448,Blue,742.35,Touring-3000,Touring Bikes,Bikes
BK-T18Y-44,"Touring-3000 Yellow, 44",461.4448,Yellow,742.35,Touring-3000,Touring Bikes,Bikes
BK-T18Y-50,"Touring-3000 Yellow, 50",461.4448,Yellow,742.35,Touring-3000,Touring Bikes,Bikes
BK-T18Y-54,"Touring-3000 Yellow, 54",461.4448,Yellow,742.35,Touring-3000,Touring Bikes,Bikes
BK-T18Y-58,"Touring-3000 Yellow, 58",461.4448,Yellow,742.35,Touring-3000,Touring Bikes,Bikes
BK-T18Y-62,"Touring-3000 Yellow, 62",461.4448,Yellow,742.35,Touring-3000,Touring Bikes,Bikes
BK-T79U-46,"Touring-1000 Blue, 46",1481.9379,Blue,2384.07,Touring-1000,Touring Bikes,Bikes
BK-T79U-50,"Touring-1000 Blue, 50",1481.9379,Blue,2384.07,Touring-1000,Touring Bikes,Bikes
BK-T79U-54,"Touring-1000 Blue, 54",1481.9379,Blue,2384.07,Touring-1000,Touring Bikes,Bikes
BK-T79U-60,"Touring-1000 Blue, 60",1481.9379,Blue,2384.07,Touring-1000,Touring Bikes,Bikes
BK-T44U-46,"Touring-2000 Blue, 46",755.1508,Blue,1214.85,Touring-2000,Touring Bikes,Bikes
BK-T44U-50,"Touring-2000 Blue, 50",755.1508,Blue,1214.85,Touring-2000,Touring Bikes,Bikes
BK-T44U-54,"Touring-2000 Blue, 54",755.1508,Blue,1214.85,Touring-2000,Touring Bikes,Bikes
BK-R79Y-40,"Road-350-W Yellow, 40",1082.51,Yellow,1700.99,Road-350-W,Road Bikes,Bikes
BK-R79Y-42,"Road-350-W Yellow, 42",1082.51,Yellow,1700.99,Road-350-W,Road Bikes,Bikes
BK-R79Y-44,"Road-350-W Yellow, 44",1082.51,Yellow,1700.99,Road-350-W,Road Bikes,Bikes
BK-R79Y-48,"Road-350-W Yellow, 48",1082.51,Yellow,1700.99,Road-350-W,Road Bikes,Bikes
BK-R19B-58,"Road-750 Black, 58",343.6496,Black,539.99,Road-750,Road Bikes,Bikes
BK-T18U-44,"Touring-3000 Blue, 44",461.4448,Blue,742.35,Touring-3000,Touring Bikes,Bikes
BK-T18U-50,"Touring-3000 Blue, 50",461.4448,Blue,742.35,Touring-3000,Touring Bikes,Bikes
BK-M38S-38,"Mountain-400-W Silver, 38",419.7784,Silver,769.49,Mountain-400-W,Mountain Bikes,Bikes
BK-M38S-40,"Mountain-400-W Silver, 40",419.7784,Silver,769.49,Mountain-400-W,Mountain Bikes,Bikes
BK-M38S-42,"Mountain-400-W Silver, 42",419.7784,Silver,769.49,Mountain-400-W,Mountain Bikes,Bikes
BK-M38S-46,"Mountain-400-W Silver, 46",419.7784,Silver,769.49,Mountain-400-W,Mountain Bikes,Bikes
BK-M18S-40,"Mountain-500 Silver, 40",308.2179,Silver,564.99,Mountain-500,Mountain Bikes,Bikes
BK-M18S-42,"Mountain-500 Silver, 42",308.2179,Silver,564.99,Mountain-500,Mountain Bikes,Bikes
BK-M18S-44,"Mountain-500 Silver, 44",308.2179,Silver,564.99,Mountain-500,Mountain Bikes,Bikes
BK-M18S-48,"Mountain-500 Silver, 48",308.2179,Silver,564.99,Mountain-500,Mountain Bikes,Bikes
BK-M18S-52,"Mountain-500 Silver, 52",308.2179,Silver,564.99,Mountain-500,Mountain Bikes,Bikes
BK-M18B-40,"Mountain-500 Black, 40",294.5797,Black,539.99,Mountain-500,Mountain Bikes,Bikes
BK-M18B-42,"Mountain-500 Black, 42",294.5797,Black,539.99,Mountain-500,Mountain Bikes,Bikes
BK-M18B-44,"Mountain-500 Black, 44",294.5797,Black,539.99,Mountain-500,Mountain Bikes,Bikes
BK-M18B-48,"Mountain-500 Black, 48",294.5797,Black,539.99,Mountain-500,Mountain Bikes,Bikes
BK-M18B-52,"Mountain-500 Black, 52",294.5797,Black,539.99,Mountain-500,Mountain Bikes,Bikes
BB-7421,LL Bottom Bracket,23.9716,,53.99,LL Bottom Bracket,Bottom Brackets,Components
BB-8107,ML Bottom Bracket,44.9506,,101.24,ML Bottom Bracket,Bottom Brackets,Components
BB-9108,HL Bottom Bracket,53.9416,,121.49,HL Bottom Bracket,Bottom Brackets,Components
BK-R19B-44,"Road-750 Black, 44",343.6496,Black,539.99,Road-750,Road Bikes,Bikes
BK-R19B-48,"Road-750 Black, 48",343.6496,Black,539.99,Road-750,Road Bikes,Bikes
BK-R19B-52,"Road-750 Black, 52",343.6496,Black,539.99,Road-750,Road Bikes,Bikes
